Txn Date,Description,Amount,Dr/Cr,Balance
01 Jun 2026,NEFT CR:HDFC0000123:ACME TECH PVT LTD:SALARY JUN 2026:N104332181960,"65,000.00",Cr,"105,000.00"
01 Jun 2026,UPI-P2M-429401965569-rapido@ybl-Ride,119.00,Dr,"104,881.00"
02 Jun 2026,IMPS-013389083863-RAMESH PATIL-RENT JUN 2026,"18,000.00",Dr,"86,881.00"
03 Jun 2026,NACH-DR-BAJAJ FINSERV LTD-EMI 79402654,"6,500.00",Dr,"80,381.00"
03 Jun 2026,UPI-P2M-542784980841-zepto@okaxis-Grocery,600.00,Dr,"79,781.00"
04 Jun 2026,NACH-DR-GROWW MF SIP-16155940,"5,000.00",Dr,"74,781.00"
04 Jun 2026,UPI-P2M-280598262045-blinkit@paytm-Grocery,427.00,Dr,"74,354.00"
05 Jun 2026,UPI-P2M-184959310341-netflix@icici-Autopay,649.00,Dr,"73,705.00"
05 Jun 2026,UPI-P2M-037917693676-uber@axisbank-Ride,96.00,Dr,"73,609.00"
05 Jun 2026,UPI-P2M-163287083172-amazon@apl-Order,511.00,Dr,"73,098.00"
06 Jun 2026,UPI-P2M-316475255341-spotify@axisbank-Autopay,119.00,Dr,"72,979.00"
06 Jun 2026,UPI-P2M-848018451462-zomato@icici-Order 710,399.00,Dr,"72,580.00"
06 Jun 2026,UPI-P2M-482814893252-zomato@icici-Order 103,464.00,Dr,"72,116.00"
07 Jun 2026,UPI-P2M-928327648350-hotstar@ybl-Autopay,299.00,Dr,"71,817.00"
07 Jun 2026,UPI-P2M-154303911718-zomato@icici-Order 600,284.00,Dr,"71,533.00"
09 Jun 2026,UPI-P2M-182449353487-blinkit@paytm-Grocery,468.00,Dr,"71,065.00"
10 Jun 2026,UPI-P2M-305641395376-cultfit@ybl-Gym membership,"1,499.00",Dr,"69,566.00"
11 Jun 2026,UPI-P2M-107991183842-starbucks@hdfcbank-Cafe,442.00,Dr,"69,124.00"
11 Jun 2026,ATM WDL-NFS-889579868727-MUMBAI ANDHERI W,"2,000.00",Dr,"67,124.00"
11 Jun 2026,UPI-P2A-581223623166-priya.n@oksbi-Split,638.00,Dr,"66,486.00"
12 Jun 2026,UPI-P2M-724238849696-jio@ybl-Recharge,299.00,Dr,"66,187.00"
12 Jun 2026,UPI-P2M-315869232260-uber@axisbank-Ride,143.00,Dr,"66,044.00"
13 Jun 2026,UPI-P2M-824896383465-swiggy@ybl-Order 775,401.00,Dr,"65,643.00"
13 Jun 2026,UPI-P2M-340608835615-uber@axisbank-Ride,237.00,Dr,"65,406.00"
14 Jun 2026,UPI-P2M-315098393010-zomato@icici-Order 223,343.00,Dr,"65,063.00"
14 Jun 2026,UPI-P2M-051834738299-swiggy@ybl-Order 169,511.00,Dr,"64,552.00"
15 Jun 2026,UPI-P2M-328710122691-adanielectricity@icici-Electricity bill,"1,570.00",Dr,"62,982.00"
15 Jun 2026,UPI-P2M-872148951343-rapido@ybl-Ride,144.00,Dr,"62,838.00"
15 Jun 2026,UPI-P2A-603669096705-amit.k@ybl-Split,605.00,Dr,"62,233.00"
20 Jun 2026,UPI-P2M-631165667010-swiggy@ybl-Order 903,401.00,Dr,"61,832.00"
20 Jun 2026,UPI-P2M-133387262473-zomato@icici-Order 845,366.00,Dr,"61,466.00"
20 Jun 2026,UPI-P2M-468044369957-uber@axisbank-Ride,235.00,Dr,"61,231.00"
21 Jun 2026,UPI-P2M-810801326773-zomato@icici-Order 927,500.00,Dr,"60,731.00"
22 Jun 2026,UPI-P2M-985435346247-starbucks@hdfcbank-Cafe,399.00,Dr,"60,332.00"
22 Jun 2026,UPI-P2M-484656482366-rapido@ybl-Ride,121.00,Dr,"60,211.00"
24 Jun 2026,UPI-P2M-634216073375-uber@axisbank-Ride,175.00,Dr,"60,036.00"
25 Jun 2026,ATM WDL-NFS-743487347143-MUMBAI ANDHERI W,"2,000.00",Dr,"58,036.00"
27 Jun 2026,UPI-P2M-064746872343-swiggy@ybl-Order 268,377.00,Dr,"57,659.00"
27 Jun 2026,UPI-P2M-805009788208-swiggy@ybl-Order 693,468.00,Dr,"57,191.00"
27 Jun 2026,UPI-P2M-303654145868-rapido@ybl-Ride,148.00,Dr,"57,043.00"
28 Jun 2026,UPI-P2M-136193990916-swiggy@ybl-Order 170,432.00,Dr,"56,611.00"
28 Jun 2026,UPI-P2M-164005242786-zepto@okaxis-Grocery,402.00,Dr,"56,209.00"
28 Jun 2026,UPI-P2A-688937346706-priya.n@oksbi-Split,644.00,Dr,"55,565.00"
01 Jul 2026,NEFT CR:HDFC0000123:ACME TECH PVT LTD:SALARY JUL 2026:N627298069901,"65,000.00",Cr,"120,565.00"
01 Jul 2026,UPI-P2M-621745961586-rapido@ybl-Ride,126.00,Dr,"120,439.00"
02 Jul 2026,IMPS-627204653755-RAMESH PATIL-RENT JUL 2026,"18,000.00",Dr,"102,439.00"
03 Jul 2026,NACH-DR-BAJAJ FINSERV LTD-EMI 64641708,"6,500.00",Dr,"95,939.00"
03 Jul 2026,UPI-P2M-451680876038-starbucks@hdfcbank-Cafe,330.00,Dr,"95,609.00"
04 Jul 2026,NACH-DR-GROWW MF SIP-00330923,"5,000.00",Dr,"90,609.00"
04 Jul 2026,UPI-P2M-831367837770-zomato@icici-Order 669,282.00,Dr,"90,327.00"
04 Jul 2026,UPI-P2M-634957885685-swiggy@ybl-Order 401,336.00,Dr,"89,991.00"
05 Jul 2026,UPI-P2M-374529912419-netflix@icici-Autopay,649.00,Dr,"89,342.00"
05 Jul 2026,UPI-P2M-431351823374-zomato@icici-Order 377,358.00,Dr,"88,984.00"
05 Jul 2026,UPI-P2M-343524082400-zomato@icici-Order 202,493.00,Dr,"88,491.00"
06 Jul 2026,UPI-P2M-049663193149-spotify@axisbank-Autopay,119.00,Dr,"88,372.00"
06 Jul 2026,UPI-P2M-196937923747-uber@axisbank-Ride,134.00,Dr,"88,238.00"
07 Jul 2026,UPI-P2M-190586518506-hotstar@ybl-Autopay,299.00,Dr,"87,939.00"
07 Jul 2026,UPI-P2M-713695944064-rapido@ybl-Ride,188.00,Dr,"87,751.00"
07 Jul 2026,UPI-P2A-900532931839-amit.k@ybl-Split,521.00,Dr,"87,230.00"
09 Jul 2026,UPI-P2M-584044997278-blinkit@paytm-Grocery,774.00,Dr,"86,456.00"
10 Jul 2026,UPI-P2M-716572628498-cultfit@ybl-Gym membership,"1,499.00",Dr,"84,957.00"
10 Jul 2026,UPI-P2M-095214562328-uber@axisbank-Ride,202.00,Dr,"84,755.00"
10 Jul 2026,ATM WDL-NFS-370985931746-MUMBAI ANDHERI W,"2,000.00",Dr,"82,755.00"
11 Jul 2026,UPI-P2M-710947775204-swiggy@ybl-Order 753,502.00,Dr,"82,253.00"
11 Jul 2026,UPI-P2M-167190229413-zomato@icici-Order 216,490.00,Dr,"81,763.00"
12 Jul 2026,UPI-P2M-776945314737-jio@ybl-Recharge,299.00,Dr,"81,464.00"
12 Jul 2026,UPI-P2M-938677496499-zomato@icici-Order 720,432.00,Dr,"81,032.00"
12 Jul 2026,UPI-P2M-770348247710-starbucks@hdfcbank-Cafe,409.00,Dr,"80,623.00"
12 Jul 2026,UPI-P2M-886753396360-zepto@okaxis-Grocery,690.00,Dr,"79,933.00"
12 Jul 2026,UPI-P2A-869261796405-priya.n@oksbi-Split,522.00,Dr,"79,411.00"
15 Jul 2026,UPI-P2M-965075273545-adanielectricity@icici-Electricity bill,"1,783.00",Dr,"77,628.00"
15 Jul 2026,UPI-P2A-351585064317-priya.n@oksbi-Split,393.00,Dr,"77,235.00"
17 Jul 2026,UPI-P2M-677378263982-zepto@okaxis-Grocery,629.00,Dr,"76,606.00"
17 Jul 2026,UPI-P2M-424745171236-amazon@apl-Order,"1,527.00",Dr,"75,079.00"
18 Jul 2026,UPI-P2M-341232812067-swiggy@ybl-Order 881,333.00,Dr,"74,746.00"
19 Jul 2026,UPI-P2M-447134936183-zomato@icici-Order 133,339.00,Dr,"74,407.00"
19 Jul 2026,UPI-P2M-210249947174-swiggy@ybl-Order 372,491.00,Dr,"73,916.00"
19 Jul 2026,UPI-P2M-974395339421-uber@axisbank-Ride,102.00,Dr,"73,814.00"
20 Jul 2026,ATM WDL-NFS-120047113826-MUMBAI ANDHERI W,"2,000.00",Dr,"71,814.00"
21 Jul 2026,UPI-P2M-809134316117-rapido@ybl-Ride,214.00,Dr,"71,600.00"
22 Jul 2026,UPI-P2M-748217594647-rapido@ybl-Ride,92.00,Dr,"71,508.00"
23 Jul 2026,UPI-P2M-480861317127-blinkit@paytm-Grocery,512.00,Dr,"70,996.00"
23 Jul 2026,UPI-P2M-005045562386-uber@axisbank-Ride,166.00,Dr,"70,830.00"
24 Jul 2026,UPI-P2M-662702895171-rapido@ybl-Ride,211.00,Dr,"70,619.00"
25 Jul 2026,UPI-P2M-771906594013-zomato@icici-Order 612,418.00,Dr,"70,201.00"
25 Jul 2026,UPI-P2M-490278742967-swiggy@ybl-Order 883,452.00,Dr,"69,749.00"
26 Jul 2026,UPI-P2M-551256746807-zomato@icici-Order 456,384.00,Dr,"69,365.00"
28 Jul 2026,UPI-P2M-516048175496-amazon@apl-Order,"1,641.00",Dr,"67,724.00"
01 Aug 2026,NEFT CR:HDFC0000123:ACME TECH PVT LTD:SALARY AUG 2026:N352904228421,"65,000.00",Cr,"132,724.00"
01 Aug 2026,UPI-P2M-493689980940-zomato@icici-Order 217,475.00,Dr,"132,249.00"
01 Aug 2026,UPI-P2M-455022961201-swiggy@ybl-Order 379,459.00,Dr,"131,790.00"
01 Aug 2026,UPI-P2M-068536153051-zepto@okaxis-Grocery,774.00,Dr,"131,016.00"
02 Aug 2026,IMPS-020539502402-RAMESH PATIL-RENT AUG 2026,"18,000.00",Dr,"113,016.00"
02 Aug 2026,UPI-P2M-525459910229-zomato@icici-Order 529,396.00,Dr,"112,620.00"
02 Aug 2026,UPI-P2M-852772217043-uber@axisbank-Ride,180.00,Dr,"112,440.00"
03 Aug 2026,NACH-DR-BAJAJ FINSERV LTD-EMI 68117758,"6,500.00",Dr,"105,940.00"
03 Aug 2026,UPI-P2M-798089324609-rapido@ybl-Ride,118.00,Dr,"105,822.00"
04 Aug 2026,NACH-DR-GROWW MF SIP-39084700,"5,000.00",Dr,"100,822.00"
05 Aug 2026,UPI-P2M-771159212499-netflix@icici-Autopay,649.00,Dr,"100,173.00"
06 Aug 2026,UPI-P2M-856984789611-spotify@axisbank-Autopay,119.00,Dr,"100,054.00"
07 Aug 2026,UPI-P2M-836736576615-hotstar@ybl-Autopay,299.00,Dr,"99,755.00"
07 Aug 2026,UPI-P2M-733221418880-starbucks@hdfcbank-Cafe,337.00,Dr,"99,418.00"
08 Aug 2026,UPI-P2M-679764381561-swiggy@ybl-Order 378,393.00,Dr,"99,025.00"
08 Aug 2026,UPI-P2M-621851888880-rapido@ybl-Ride,236.00,Dr,"98,789.00"
09 Aug 2026,UPI-P2M-403690034324-zomato@icici-Order 639,450.00,Dr,"98,339.00"
09 Aug 2026,UPI-P2M-076226838851-zomato@icici-Order 435,310.00,Dr,"98,029.00"
09 Aug 2026,UPI-P2M-165820297021-amazon@apl-Order,617.00,Dr,"97,412.00"
09 Aug 2026,ATM WDL-NFS-556909275571-MUMBAI ANDHERI W,"2,000.00",Dr,"95,412.00"
10 Aug 2026,UPI-P2M-654527111161-cultfit@ybl-Gym membership,"1,499.00",Dr,"93,913.00"
12 Aug 2026,UPI-P2M-528098851656-jio@ybl-Recharge,299.00,Dr,"93,614.00"
13 Aug 2026,UPI-P2A-814473947312-amit.k@ybl-Split,"1,173.00",Dr,"92,441.00"
15 Aug 2026,UPI-P2M-494519832731-adanielectricity@icici-Electricity bill,"1,252.00",Dr,"91,189.00"
15 Aug 2026,UPI-P2M-715969664160-swiggy@ybl-Order 546,284.00,Dr,"90,905.00"
15 Aug 2026,UPI-P2M-975161369681-zomato@icici-Order 275,485.00,Dr,"90,420.00"
15 Aug 2026,UPI-P2M-688623924075-zepto@okaxis-Grocery,638.00,Dr,"89,782.00"
15 Aug 2026,UPI-P2A-271551884422-rahul.sharma@okicici-Split,"1,112.00",Dr,"88,670.00"
16 Aug 2026,UPI-P2M-352181883552-zomato@icici-Order 863,366.00,Dr,"88,304.00"
16 Aug 2026,UPI-P2M-432921277997-swiggy@ybl-Order 205,317.00,Dr,"87,987.00"
17 Aug 2026,UPI-P2A-313237058957-priya.n@oksbi-Split,"1,122.00",Dr,"86,865.00"
18 Aug 2026,UPI-P2M-753556093204-croma@hdfcbank-Electronics,"18,999.00",Dr,"67,866.00"
20 Aug 2026,CHARGES-LATE PAYMENT FEE-CC OUTSTANDING-89964235,590.00,Dr,"67,276.00"
22 Aug 2026,UPI-P2M-177449058147-zomato@icici-Order 254,392.00,Dr,"66,884.00"
22 Aug 2026,UPI-P2M-541199867980-zomato@icici-Order 138,294.00,Dr,"66,590.00"
22 Aug 2026,UPI-P2M-929622292706-starbucks@hdfcbank-Cafe,336.00,Dr,"66,254.00"
22 Aug 2026,UPI-P2M-794738347359-zepto@okaxis-Grocery,593.00,Dr,"65,661.00"
22 Aug 2026,UPI-P2M-479627570596-amazon@apl-Order,"1,105.00",Dr,"64,556.00"
23 Aug 2026,UPI-P2M-782071518203-swiggy@ybl-Order 429,434.00,Dr,"64,122.00"
23 Aug 2026,UPI-P2M-892554665905-zomato@icici-Order 549,414.00,Dr,"63,708.00"
23 Aug 2026,UPI-P2M-141247826137-blinkit@paytm-Grocery,878.00,Dr,"62,830.00"
25 Aug 2026,ATM WDL-NFS-928565431027-MUMBAI ANDHERI W,"2,000.00",Dr,"60,830.00"
26 Aug 2026,UPI-P2M-204727790104-rapido@ybl-Ride,127.00,Dr,"60,703.00"
26 Aug 2026,UPI-P2M-054868740345-uber@axisbank-Ride,141.00,Dr,"60,562.00"
26 Aug 2026,UPI-P2M-416169284511-rapido@ybl-Ride,222.00,Dr,"60,340.00"
27 Aug 2026,UPI-P2M-898614341036-uber@axisbank-Ride,128.00,Dr,"60,212.00"
28 Aug 2026,UPI-P2M-065405153195-rapido@ybl-Ride,210.00,Dr,"60,002.00"
28 Aug 2026,UPI-P2M-541566765277-uber@axisbank-Ride,257.00,Dr,"59,745.00"
29 Aug 2026,UPI-P2M-644925192546-zomato@icici-Order 196,422.00,Dr,"59,323.00"
30 Aug 2026,UPI-P2M-652816850542-swiggy@ybl-Order 417,423.00,Dr,"58,900.00"
01 Sep 2026,NEFT CR:HDFC0000123:ACME TECH PVT LTD:SALARY SEP 2026:N829114678669,"65,000.00",Cr,"123,900.00"
02 Sep 2026,IMPS-125177852892-RAMESH PATIL-RENT SEP 2026,"18,000.00",Dr,"105,900.00"
02 Sep 2026,UPI-P2M-499154788728-starbucks@hdfcbank-Cafe,252.00,Dr,"105,648.00"
02 Sep 2026,UPI-P2M-839822587139-uber@axisbank-Ride,230.00,Dr,"105,418.00"
03 Sep 2026,NACH-DR-BAJAJ FINSERV LTD-EMI 26801824,"6,500.00",Dr,"98,918.00"
03 Sep 2026,UPI-P2M-707286790874-rapido@ybl-Ride,220.00,Dr,"98,698.00"
04 Sep 2026,NACH-DR-GROWW MF SIP-58414384,"5,000.00",Dr,"93,698.00"
05 Sep 2026,UPI-P2M-182992299590-netflix@icici-Autopay,649.00,Dr,"93,049.00"
05 Sep 2026,UPI-P2M-016873395004-zomato@icici-Order 415,407.00,Dr,"92,642.00"
05 Sep 2026,UPI-P2M-748016245650-zomato@icici-Order 711,505.00,Dr,"92,137.00"
06 Sep 2026,UPI-P2M-010943969078-spotify@axisbank-Autopay,119.00,Dr,"92,018.00"
06 Sep 2026,UPI-P2M-358416878499-swiggy@ybl-Order 683,423.00,Dr,"91,595.00"
06 Sep 2026,UPI-P2M-655852398680-swiggy@ybl-Order 231,304.00,Dr,"91,291.00"
06 Sep 2026,UPI-P2M-841459332727-zepto@okaxis-Grocery,765.00,Dr,"90,526.00"
06 Sep 2026,UPI-P2M-682300478686-uber@axisbank-Ride,227.00,Dr,"90,299.00"
07 Sep 2026,UPI-P2M-447364710276-hotstar@ybl-Autopay,299.00,Dr,"90,000.00"
08 Sep 2026,UPI-P2M-454990453017-zepto@okaxis-Grocery,807.00,Dr,"89,193.00"
08 Sep 2026,UPI-P2M-524310690331-uber@axisbank-Ride,207.00,Dr,"88,986.00"
08 Sep 2026,UPI-P2M-599534283644-rapido@ybl-Ride,237.00,Dr,"88,749.00"
09 Sep 2026,UPI-P2M-152742054932-zepto@okaxis-Grocery,547.00,Dr,"88,202.00"
10 Sep 2026,UPI-P2M-773592555625-cultfit@ybl-Gym membership,"1,499.00",Dr,"86,703.00"
10 Sep 2026,UPI-P2M-226567661825-uber@axisbank-Ride,194.00,Dr,"86,509.00"
10 Sep 2026,ATM WDL-NFS-287334270866-MUMBAI ANDHERI W,"2,000.00",Dr,"84,509.00"
12 Sep 2026,UPI-P2M-881537147321-jio@ybl-Recharge,299.00,Dr,"84,210.00"
12 Sep 2026,UPI-P2M-578729825952-swiggy@ybl-Order 240,462.00,Dr,"83,748.00"
13 Sep 2026,UPI-P2M-888794705516-zomato@icici-Order 707,366.00,Dr,"83,382.00"
13 Sep 2026,UPI-P2M-097499309728-zomato@icici-Order 915,510.00,Dr,"82,872.00"
13 Sep 2026,UPI-P2M-039106518017-uber@axisbank-Ride,155.00,Dr,"82,717.00"
14 Sep 2026,UPI-P2M-783391878519-rapido@ybl-Ride,230.00,Dr,"82,487.00"
15 Sep 2026,UPI-P2M-469632595327-adanielectricity@icici-Electricity bill,"1,251.00",Dr,"81,236.00"
18 Sep 2026,UPI-P2M-268705685662-amazon@apl-Order,"1,711.00",Dr,"79,525.00"
19 Sep 2026,UPI-P2M-309130756263-swiggy@ybl-Order 941,454.00,Dr,"79,071.00"
19 Sep 2026,UPI-P2M-970283857865-zomato@icici-Order 613,478.00,Dr,"78,593.00"
20 Sep 2026,UPI-P2M-854973348434-zomato@icici-Order 645,367.00,Dr,"78,226.00"
20 Sep 2026,UPI-P2M-790306738302-uber@axisbank-Ride,98.00,Dr,"78,128.00"
23 Sep 2026,ATM WDL-NFS-882634351751-MUMBAI ANDHERI W,"2,000.00",Dr,"76,128.00"
24 Sep 2026,UPI-P2A-304699013983-amit.k@ybl-Split,790.00,Dr,"75,338.00"
25 Sep 2026,UPI-P2M-938026206724-starbucks@hdfcbank-Cafe,272.00,Dr,"75,066.00"
25 Sep 2026,UPI-P2A-467854458771-priya.n@oksbi-Split,"1,122.00",Dr,"73,944.00"
26 Sep 2026,UPI-P2M-757584419866-swiggy@ybl-Order 806,460.00,Dr,"73,484.00"
26 Sep 2026,UPI-P2M-240415747338-zomato@icici-Order 891,485.00,Dr,"72,999.00"
27 Sep 2026,UPI-P2M-993308330165-zomato@icici-Order 240,307.00,Dr,"72,692.00"
27 Sep 2026,UPI-P2M-208267734540-zomato@icici-Order 202,454.00,Dr,"72,238.00"
27 Sep 2026,UPI-P2M-851612275304-zepto@okaxis-Grocery,787.00,Dr,"71,451.00"
28 Sep 2026,UPI-P2A-540331739363-rahul.sharma@okicici-Split,865.00,Dr,"70,586.00"
